customer_id,customer_name,email,phone,country,country_code,preferred_currency,created_at
1,Jacob Novak,jacobnovak7841@demo.org,+75-895-315-7153,Colombia,CO,COP,2023-07-28 22:32:38+00:00
2,Emma Khan,emmakhan7101@sample.co,+74-134-873-9935,Netherlands,NL,EUR,2024-02-05 13:39:53+00:00
3,Jacob Perez,jacobperez6626@example.com,+97-559-531-2932,Netherlands,NL,EUR,2024-08-06 15:31:03+00:00
4,Mia Novak,mianovak8430@demo.org,+63-924-568-8026,India,IN,INR,2022-12-17 17:50:40+00:00
5,Leo Ramirez,leoramirez680@company.net,+79-711-882-6353,Paraguay,PY,PYG,2024-01-02 17:18:06+00:00
6,Chen Novak,chennovak1720@demo.org,+30-104-417-1349,New Zealand,NZ,NZD,2022-09-30 00:16:08+00:00
7,Mei Novak,meinovak6398@company.net,+94-951-350-6943,Poland,PL,PLN,2023-05-03 06:58:52+00:00
8,Yuki Martinez,yukimartinez3353@example.com,+24-181-909-9327,South Africa,ZA,ZAR,2024-01-04 02:30:45+00:00
9,Mei Novak,meinovak3586@demo.org,+16-972-642-9202,Uruguay,UY,UYU,2023-03-08 21:15:36+00:00
10,Leo Smith,leosmith5853@sample.co,+36-289-149-9876,Paraguay,PY,PYG,2025-05-25 08:21:10+00:00
11,Charlotte Zhang,charlottezhang3115@company.net,+26-132-699-2250,Ecuador,EC,USD,2023-05-13 19:24:29+00:00
12,María Smith,marasmith6875@sample.co,+74-517-460-4881,Japan,JP,JPY,2023-05-26 16:45:54+00:00
13,Mila Hernandez,milahernandez9403@mail.com,+62-964-319-6088,South Africa,ZA,ZAR,2024-08-05 05:40:56+00:00
14,Emma Kim,emmakim5194@sample.co,+88-276-563-5735,France,FR,EUR,2025-05-01 08:39:34+00:00
15,Aarav Wang,aaravwang8765@mail.com,+38-144-534-9160,Uruguay,UY,UYU,2025-02-06 02:28:57+00:00
16,Aarav Nguyen,aaravnguyen4493@mail.com,+89-200-264-7594,Mexico,MX,MXN,2023-05-24 19:38:53+00:00
17,Sofia Wang,sofiawang7428@sample.co,+41-623-617-9136,Canada,CA,CAD,2023-06-17 07:32:19+00:00
18,Jacob Petrov,jacobpetrov5646@demo.org,+56-990-511-4441,Netherlands,NL,EUR,2025-03-23 09:33:44+00:00
19,Hugo Kowalski,hugokowalski4654@example.com,+75-710-891-4990,Germany,DE,EUR,2025-01-15 17:06:35+00:00
20,Hugo Ramirez,hugoramirez3625@company.net,+30-673-410-6379,Peru,PE,PEN,2024-02-14 10:34:23+00:00
21,Hugo Bianchi,hugobianchi8029@example.com,+51-640-300-5938,Peru,PE,PEN,2022-10-01 13:11:57+00:00
22,Hugo Ivanov,hugoivanov8174@demo.org,+64-356-391-1806,Poland,PL,PLN,2024-04-15 13:30:17+00:00
23,Mateo Kumar,mateokumar1198@example.com,+77-201-802-8699,Paraguay,PY,PYG,2023-02-17 10:41:49+00:00
24,Mila Park,milapark8791@sample.co,+12-561-992-2665,United Kingdom,GB,GBP,2024-04-09 12:06:57+00:00
25,Zoe Johnson,zoejohnson3094@company.net,+21-192-975-3039,Germany,DE,EUR,2025-01-15 20:48:33+00:00
26,Emily Brown,emilybrown5460@mail.com,+88-751-491-4596,Mexico,MX,MXN,2025-07-13 00:43:48+00:00
27,Leo Petrov,leopetrov7461@demo.org,+60-618-112-9654,Italy,IT,EUR,2024-04-07 08:40:46+00:00
28,Elijah Smith,elijahsmith6568@mail.com,+60-926-267-2889,Argentina,AR,ARS,2022-10-21 08:13:58+00:00
29,Sofia Rodriguez,sofiarodriguez7914@mail.com,+77-837-666-2900,Peru,PE,PEN,2023-11-01 10:37:26+00:00
30,Diego Rodriguez,diegorodriguez828@demo.org,+13-132-361-4344,Poland,PL,PLN,2022-10-22 02:34:04+00:00
31,Camila Perez,camilaperez3762@example.com,+56-630-207-6984,Netherlands,NL,EUR,2024-02-06 07:23:03+00:00
32,Ana Ivanov,anaivanov9768@example.com,+81-403-176-3185,France,FR,EUR,2025-05-21 06:58:47+00:00
33,María Davis,maradavis9143@demo.org,+14-485-668-2909,Italy,IT,EUR,2023-03-06 18:32:55+00:00
34,Carlos Gonzalez,carlosgonzalez1560@company.net,+9-413-657-2739,United Kingdom,GB,GBP,2023-12-04 10:01:07+00:00
35,María Johnson,marajohnson6989@sample.co,+72-982-454-6317,Chile,CL,CLP,2025-06-05 22:17:13+00:00
36,Oliver Martinez,olivermartinez4556@mail.com,+68-818-782-2547,Peru,PE,PEN,2023-12-04 03:30:35+00:00
37,Sofia Kim,sofiakim4571@company.net,+63-708-615-8466,United Arab Emirates,AE,AED,2025-05-21 07:26:51+00:00
38,Daniela Patel,danielapatel3317@sample.co,+70-983-144-4614,Spain,ES,EUR,2025-07-05 18:02:01+00:00
39,Isabella Wang,isabellawang6348@example.com,+52-960-951-2267,Chile,CL,CLP,2023-03-09 14:09:01+00:00
40,Charlotte Garcia,charlottegarcia748@example.com,+92-774-469-4217,New Zealand,NZ,NZD,2023-02-16 18:42:04+00:00
41,Ava Lee,avalee8783@company.net,+90-767-185-9297,China,CN,CNY,2023-08-08 11:20:02+00:00
42,Chen Jones,chenjones7475@mail.com,+71-585-657-2622,Chile,CL,CLP,2023-10-26 20:37:07+00:00
43,María Miller,maramiller8641@mail.com,+26-880-742-9499,Argentina,AR,ARS,2023-07-01 17:23:05+00:00
44,Mila Kowalski,milakowalski3994@demo.org,+50-981-154-8832,Poland,PL,PLN,2022-09-29 14:32:21+00:00
45,Liam Miller,liammiller7456@demo.org,+52-562-604-1858,United Arab Emirates,AE,AED,2023-04-27 00:32:47+00:00
46,Carlos Park,carlospark5202@mail.com,+10-365-425-6694,United Kingdom,GB,GBP,2022-10-07 14:07:06+00:00
47,Aarav Patel,aaravpatel711@sample.co,+18-818-788-8992,Uruguay,UY,UYU,2024-12-16 10:32:42+00:00
48,Elijah Brown,elijahbrown4519@company.net,+24-668-619-5973,Paraguay,PY,PYG,2025-01-08 21:55:58+00:00
49,Chen Silva,chensilva5546@demo.org,+89-196-285-8560,Ecuador,EC,USD,2024-04-02 02:44:16+00:00
50,Mila Johnson,milajohnson9616@company.net,+16-641-960-2570,Netherlands,NL,EUR,2023-04-20 08:01:42+00:00
51,Emily Bianchi,emilybianchi2492@sample.co,+21-863-717-1830,South Africa,ZA,ZAR,2024-04-26 21:19:03+00:00
52,Thiago Park,thiagopark9542@example.com,+95-757-900-7071,Colombia,CO,COP,2024-03-27 11:56:31+00:00
53,Martina Silva,martinasilva2988@mail.com,+55-633-978-3376,Argentina,AR,ARS,2024-09-24 02:52:54+00:00
54,Elijah Patel,elijahpatel7959@company.net,+83-916-787-9942,United Arab Emirates,AE,AED,2025-03-18 12:55:55+00:00
55,Lucas Kumar,lucaskumar2221@example.com,+77-251-486-6647,Netherlands,NL,EUR,2022-12-21 00:11:06+00:00
56,Carlos Wang,carloswang6201@demo.org,+99-436-636-9813,China,CN,CNY,2023-12-15 00:51:51+00:00
57,Charlotte Miller,charlottemiller165@company.net,+87-490-731-7649,New Zealand,NZ,NZD,2023-03-13 11:41:39+00:00
58,Jacob Garcia,jacobgarcia5518@demo.org,+25-247-933-2050,United States,US,USD,2023-06-01 23:49:46+00:00
59,Liam Sanchez,liamsanchez3536@sample.co,+7-254-111-5707,South Africa,ZA,ZAR,2024-06-27 06:04:19+00:00
60,Leo Silva,leosilva2966@demo.org,+84-463-548-9253,New Zealand,NZ,NZD,2024-05-11 10:51:41+00:00
61,Santiago Gonzalez,santiagogonzalez2909@demo.org,+73-148-337-7351,Canada,CA,CAD,2023-01-22 14:37:17+00:00
62,Olivia Gonzalez,oliviagonzalez2554@example.com,+35-339-197-9929,Bolivia,BO,BOB,2024-08-07 11:26:34+00:00
63,Hugo Park,hugopark985@demo.org,+26-175-999-6724,Uruguay,UY,UYU,2023-07-04 11:55:30+00:00
64,Jacob Ramirez,jacobramirez2633@company.net,+44-787-807-8645,Spain,ES,EUR,2022-11-04 11:42:46+00:00
65,Yuki Kowalski,yukikowalski1158@demo.org,+64-291-530-5409,Bolivia,BO,BOB,2022-09-29 21:00:39+00:00
66,Daniela Costa,danielacosta1072@demo.org,+23-362-786-8178,South Africa,ZA,ZAR,2022-12-12 12:03:48+00:00
67,Noah Sanchez,noahsanchez6632@company.net,+40-926-989-9746,United States,US,USD,2022-11-09 14:35:13+00:00
68,Carlos Patel,carlospatel7195@example.com,+6-991-257-3453,Australia,AU,AUD,2025-02-07 16:31:11+00:00
69,Luna Khan,lunakhan7626@demo.org,+57-275-551-2322,Ecuador,EC,USD,2025-08-13 10:41:08+00:00
70,Liam Lee,liamlee5972@company.net,+45-203-205-2523,United States,US,USD,2024-03-30 14:56:58+00:00
71,José Khan,joskhan1629@company.net,+35-170-314-6862,Ecuador,EC,USD,2024-06-16 07:02:42+00:00
72,Carlos Miller,carlosmiller2092@example.com,+27-527-784-6335,Canada,CA,CAD,2024-03-19 23:08:16+00:00
73,Hana Kumar,hanakumar6405@demo.org,+45-340-734-8260,South Africa,ZA,ZAR,2023-10-24 03:04:26+00:00
74,Chen Popov,chenpopov6017@mail.com,+55-655-556-5418,Ecuador,EC,USD,2023-08-20 13:45:30+00:00
75,Mei Nguyen,meinguyen9028@example.com,+89-328-944-4648,United Kingdom,GB,GBP,2023-06-22 16:43:02+00:00
76,Sofia Williams,sofiawilliams7114@mail.com,+68-825-428-7046,Spain,ES,EUR,2022-11-10 18:42:47+00:00
77,Elijah Khan,elijahkhan253@company.net,+86-793-545-9202,Italy,IT,EUR,2024-01-05 22:58:50+00:00
78,Mia Wang,miawang7635@company.net,+18-121-584-7557,United Arab Emirates,AE,AED,2024-04-13 11:13:33+00:00
79,Hana Lee,hanalee6617@company.net,+1-217-230-1214,United Arab Emirates,AE,AED,2023-03-12 13:04:34+00:00
80,José Lee,joslee1690@example.com,+62-875-148-9028,United States,US,USD,2023-11-20 20:04:57+00:00
81,Jacob Popov,jacobpopov4886@mail.com,+56-195-402-2683,Germany,DE,EUR,2023-04-01 06:49:07+00:00
82,Noah Flores,noahflores7695@mail.com,+97-125-782-1881,France,FR,EUR,2023-02-02 18:34:32+00:00
83,Luna Costa,lunacosta1355@sample.co,+10-460-434-9124,Brazil,BR,BRL,2023-01-17 16:46:51+00:00
84,Sofia Bianchi,sofiabianchi489@example.com,+23-514-522-8578,Peru,PE,PEN,2024-12-14 14:04:37+00:00
85,Zoe Costa,zoecosta2442@example.com,+91-285-270-1695,Italy,IT,EUR,2022-10-01 07:21:34+00:00
86,Olivia Ivanov,oliviaivanov5439@mail.com,+93-656-487-3739,Canada,CA,CAD,2025-02-28 19:49:20+00:00
87,José Davis,josdavis1759@mail.com,+94-470-440-4628,India,IN,INR,2024-11-16 05:42:44+00:00
88,Emily Rossi,emilyrossi3121@company.net,+15-305-816-2110,Germany,DE,EUR,2024-12-07 04:38:01+00:00
89,Emily Garcia,emilygarcia4376@sample.co,+55-161-937-7315,Argentina,AR,ARS,2022-11-04 04:53:30+00:00
90,Elijah Bianchi,elijahbianchi8387@example.com,+59-452-485-1735,Bolivia,BO,BOB,2024-11-26 20:32:13+00:00
91,Zoe Costa,zoecosta2547@company.net,+23-601-914-7347,Japan,JP,JPY,2024-01-30 06:02:51+00:00
92,Mia Perez,miaperez6883@mail.com,+40-842-380-9320,Spain,ES,EUR,2023-05-25 09:05:09+00:00
93,Aarav Zhang,aaravzhang2607@company.net,+4-783-550-9580,Spain,ES,EUR,2022-09-24 05:18:51+00:00
94,Martina Petrov,martinapetrov3919@example.com,+51-522-869-6687,Poland,PL,PLN,2023-12-01 03:09:23+00:00
95,Olivia Costa,oliviacosta3754@mail.com,+65-528-629-8267,France,FR,EUR,2024-12-14 07:03:00+00:00
96,Camila Popov,camilapopov566@demo.org,+18-744-466-7904,Australia,AU,AUD,2023-10-26 21:10:18+00:00
97,Jacob Patel,jacobpatel6390@mail.com,+19-423-472-8322,Bolivia,BO,BOB,2023-11-12 19:35:23+00:00
98,Juan Popov,juanpopov3263@example.com,+9-667-228-9761,China,CN,CNY,2025-06-17 21:30:22+00:00
99,Santiago Costa,santiagocosta3083@company.net,+54-451-642-8110,Italy,IT,EUR,2023-08-24 04:04:34+00:00
100,Luna Johnson,lunajohnson5948@sample.co,+46-859-650-9093,Ecuador,EC,USD,2024-05-23 11:04:53+00:00
101,Jacob Kumar,jacobkumar1690@sample.co,+87-348-880-4835,Japan,JP,JPY,2024-04-05 19:20:49+00:00
102,Valentina Flores,valentinaflores8673@example.com,+3-960-348-9578,United Arab Emirates,AE,AED,2024-04-26 06:54:46+00:00
103,Ivy Gonzalez,ivygonzalez8299@mail.com,+53-171-280-4789,Ecuador,EC,USD,2023-09-25 09:40:42+00:00
104,Valentina Zhang,valentinazhang9660@mail.com,+19-537-723-4773,Bolivia,BO,BOB,2024-01-02 05:24:36+00:00
105,Lucía Rodriguez,lucarodriguez9068@sample.co,+21-613-784-8892,United States,US,USD,2024-06-26 05:21:07+00:00
106,Mila Khan,milakhan9100@mail.com,+92-907-430-8112,Brazil,BR,BRL,2025-02-01 05:08:16+00:00
107,Diego Lopez,diegolopez3999@mail.com,+63-552-247-5711,Australia,AU,AUD,2024-05-10 22:21:38+00:00
108,Noah Costa,noahcosta3492@company.net,+91-513-364-7558,United Arab Emirates,AE,AED,2023-01-03 12:48:03+00:00
109,Noah Miller,noahmiller6006@demo.org,+55-478-508-9864,Italy,IT,EUR,2024-06-12 01:39:20+00:00
110,Thiago Silva,thiagosilva3158@example.com,+29-233-509-9939,Germany,DE,EUR,2022-09-18 08:49:39+00:00
111,Noah Sanchez,noahsanchez9961@company.net,+54-155-242-3786,Australia,AU,AUD,2024-08-27 19:26:04+00:00
112,Zoe Costa,zoecosta957@mail.com,+77-242-427-8491,India,IN,INR,2023-08-10 22:10:56+00:00
113,Chen Flores,chenflores2671@example.com,+98-527-543-3500,South Africa,ZA,ZAR,2025-07-07 01:57:08+00:00
114,Lucía Hernandez,lucahernandez7657@mail.com,+4-290-832-9985,Australia,AU,AUD,2023-03-30 11:22:21+00:00
115,Yuki Miller,yukimiller4301@mail.com,+37-384-161-3303,Chile,CL,CLP,2023-04-27 03:28:42+00:00
116,Camila Flores,camilaflores8196@example.com,+66-646-845-2703,Germany,DE,EUR,2024-07-02 10:51:45+00:00
117,Martina Gonzalez,martinagonzalez7698@demo.org,+54-906-233-9015,Canada,CA,CAD,2024-01-13 19:40:59+00:00
118,Ivy Singh,ivysingh7555@mail.com,+83-841-525-2260,France,FR,EUR,2023-09-19 17:12:35+00:00
119,Amelia Bianchi,ameliabianchi655@demo.org,+88-719-196-9879,New Zealand,NZ,NZD,2025-06-12 00:59:20+00:00
120,Isabella Petrov,isabellapetrov9719@demo.org,+42-722-915-7714,China,CN,CNY,2025-01-15 01:30:31+00:00
121,Charlotte Singh,charlottesingh9012@demo.org,+56-899-264-8873,France,FR,EUR,2025-01-27 20:34:44+00:00
122,Ana Popov,anapopov6096@example.com,+73-536-732-9861,Netherlands,NL,EUR,2023-05-14 05:06:55+00:00
123,María Lopez,maralopez3003@sample.co,+42-239-424-9535,Colombia,CO,COP,2024-06-07 10:38:20+00:00
124,Isabella Ramirez,isabellaramirez6215@sample.co,+23-906-306-1754,United Arab Emirates,AE,AED,2023-10-03 15:25:16+00:00
125,Carlos Singh,carlossingh4674@sample.co,+89-702-681-6889,Netherlands,NL,EUR,2024-02-04 12:51:24+00:00
126,Camila Johnson,camilajohnson7248@example.com,+47-753-220-2518,United Kingdom,GB,GBP,2022-09-21 08:21:29+00:00
127,Elijah Smith,elijahsmith749@demo.org,+36-988-616-2432,Brazil,BR,BRL,2024-06-09 18:02:24+00:00
128,Mateo Kim,mateokim1489@example.com,+8-716-793-8334,India,IN,INR,2022-09-28 08:57:09+00:00
129,Emily Davis,emilydavis2182@sample.co,+28-500-571-6613,France,FR,EUR,2023-04-05 08:03:11+00:00
130,Lucas Zhang,lucaszhang9718@demo.org,+34-279-962-2185,France,FR,EUR,2023-04-05 06:54:54+00:00
131,Zoe Davis,zoedavis7371@demo.org,+3-386-695-8213,United Arab Emirates,AE,AED,2022-10-08 09:18:52+00:00
132,Valentina Kim,valentinakim1755@demo.org,+24-204-369-4144,Spain,ES,EUR,2023-06-09 08:34:07+00:00
133,Chen Petrov,chenpetrov155@sample.co,+71-130-287-7871,United States,US,USD,2025-07-18 04:05:14+00:00
134,Mila Smith,milasmith7742@mail.com,+63-958-568-3679,Australia,AU,AUD,2025-06-15 12:57:59+00:00
135,Zoe Sanchez,zoesanchez1379@mail.com,+88-331-425-8390,South Africa,ZA,ZAR,2024-08-14 07:55:54+00:00
136,Mei Miller,meimiller8498@mail.com,+77-959-373-6361,Paraguay,PY,PYG,2022-09-12 16:59:03+00:00
137,Jacob Silva,jacobsilva5219@demo.org,+88-537-791-4126,Italy,IT,EUR,2023-07-14 00:20:21+00:00
138,Hana Zhang,hanazhang8465@example.com,+10-666-140-3788,Germany,DE,EUR,2023-11-04 06:52:13+00:00
139,Mateo Zhang,mateozhang6825@company.net,+68-662-677-7561,Australia,AU,AUD,2025-08-16 15:05:46+00:00
140,Luna Ivanov,lunaivanov5753@example.com,+24-812-318-3174,United Arab Emirates,AE,AED,2025-03-09 23:52:56+00:00
141,Oliver Petrov,oliverpetrov1421@sample.co,+15-347-873-9234,South Africa,ZA,ZAR,2023-02-26 07:13:55+00:00
142,María Kim,marakim1981@sample.co,+34-242-864-7348,Colombia,CO,COP,2023-08-12 04:57:56+00:00
143,José Davis,josdavis4120@company.net,+7-970-520-5991,Paraguay,PY,PYG,2023-04-06 08:18:38+00:00
144,Lucía Kowalski,lucakowalski1385@mail.com,+28-435-105-9655,Italy,IT,EUR,2024-03-06 17:14:03+00:00
145,Lucas Miller,lucasmiller4392@demo.org,+76-523-509-2180,Germany,DE,EUR,2024-10-04 23:21:07+00:00
146,Mila Brown,milabrown8237@sample.co,+78-102-392-5710,Uruguay,UY,UYU,2025-07-20 11:12:33+00:00
147,Yuki Novak,yukinovak3576@demo.org,+12-741-357-8531,South Africa,ZA,ZAR,2022-09-21 00:12:24+00:00
148,Chen Kowalski,chenkowalski9825@mail.com,+40-467-606-4788,China,CN,CNY,2023-12-25 06:46:35+00:00
149,Ana Costa,anacosta7084@mail.com,+33-909-592-2440,Chile,CL,CLP,2025-02-11 19:25:39+00:00
150,Hugo Ramirez,hugoramirez627@mail.com,+61-138-791-9232,Canada,CA,CAD,2023-05-18 22:11:58+00:00
151,Charlotte Williams,charlottewilliams880@sample.co,+73-461-823-8302,Argentina,AR,ARS,2024-03-26 07:43:27+00:00
152,Charlotte Singh,charlottesingh1398@demo.org,+36-329-824-7910,Italy,IT,EUR,2025-08-29 09:50:50+00:00
153,Martina Khan,martinakhan387@example.com,+27-498-644-4751,Chile,CL,CLP,2025-03-15 09:53:46+00:00
154,Carlos Kowalski,carloskowalski415@example.com,+22-643-484-5324,Italy,IT,EUR,2024-08-27 22:49:30+00:00
155,Zoe Ivanov,zoeivanov936@mail.com,+40-340-695-7816,Colombia,CO,COP,2024-06-21 08:39:04+00:00
156,Yuki Kim,yukikim7702@mail.com,+2-744-224-4818,France,FR,EUR,2025-01-20 06:59:48+00:00
157,Santiago Lopez,santiagolopez6358@demo.org,+56-622-672-9018,Italy,IT,EUR,2022-11-06 19:07:52+00:00
158,María Davis,maradavis4654@sample.co,+47-807-268-4544,France,FR,EUR,2024-04-02 03:39:00+00:00
159,Valentina Ivanov,valentinaivanov8257@mail.com,+96-752-803-8230,Italy,IT,EUR,2022-12-01 14:07:02+00:00
160,Chen Ramirez,chenramirez2175@demo.org,+85-418-347-3680,Netherlands,NL,EUR,2024-05-10 11:30:31+00:00
161,Mateo Gonzalez,mateogonzalez8505@mail.com,+28-599-978-2822,Paraguay,PY,PYG,2025-05-03 05:05:40+00:00
162,Emily Smith,emilysmith3991@company.net,+95-745-782-9945,Japan,JP,JPY,2023-03-08 06:11:05+00:00
163,Luna Wang,lunawang1397@example.com,+95-529-891-5935,Germany,DE,EUR,2023-04-02 14:24:02+00:00
164,Daniela Park,danielapark3741@example.com,+26-931-563-2613,Uruguay,UY,UYU,2025-03-10 21:21:15+00:00
165,Yuki Ramirez,yukiramirez7092@demo.org,+95-929-798-6859,Poland,PL,PLN,2024-01-06 11:22:45+00:00
166,Leo Petrov,leopetrov1901@demo.org,+79-388-565-9529,United Arab Emirates,AE,AED,2023-02-01 12:12:30+00:00
167,Valentina Rodriguez,valentinarodriguez8474@example.com,+37-802-642-9270,Spain,ES,EUR,2023-06-14 10:25:39+00:00
168,Amelia Smith,ameliasmith4597@company.net,+81-385-146-6438,Ecuador,EC,USD,2023-04-15 22:00:03+00:00
169,Elijah Popov,elijahpopov306@demo.org,+13-861-420-7151,China,CN,CNY,2024-10-13 04:43:37+00:00
170,Emily Petrov,emilypetrov8442@company.net,+46-312-215-2461,Paraguay,PY,PYG,2023-10-10 01:16:20+00:00
171,Isabella Miller,isabellamiller7592@mail.com,+82-582-995-4885,United Kingdom,GB,GBP,2023-05-07 17:30:19+00:00
172,Mei Perez,meiperez3449@demo.org,+89-283-419-4791,India,IN,INR,2025-02-06 16:59:37+00:00
173,José Torres,jostorres6314@sample.co,+52-775-545-6559,Poland,PL,PLN,2023-02-12 09:49:08+00:00
174,Isabella Bianchi,isabellabianchi3597@sample.co,+14-587-213-3838,China,CN,CNY,2022-11-13 08:51:36+00:00
175,Sofia Singh,sofiasingh6269@sample.co,+11-559-316-6611,Italy,IT,EUR,2024-11-29 16:01:52+00:00
176,José Zhang,joszhang8833@sample.co,+43-785-475-8562,South Africa,ZA,ZAR,2022-12-21 17:02:19+00:00
177,Jacob Rossi,jacobrossi205@company.net,+51-401-680-3740,Brazil,BR,BRL,2025-03-31 14:17:38+00:00
178,Santiago Popov,santiagopopov7816@sample.co,+54-899-319-4707,China,CN,CNY,2025-08-23 21:11:38+00:00
179,Zoe Khan,zoekhan6539@company.net,+44-351-348-2072,Netherlands,NL,EUR,2023-10-10 22:52:19+00:00
180,Jacob Costa,jacobcosta142@mail.com,+69-851-741-9713,India,IN,INR,2024-02-09 08:33:18+00:00
181,Martina Wang,martinawang5338@example.com,+14-923-803-3876,Brazil,BR,BRL,2023-06-26 19:53:57+00:00
182,Santiago Garcia,santiagogarcia4972@sample.co,+27-561-861-4697,Brazil,BR,BRL,2024-11-29 19:42:18+00:00
183,Sofia Bianchi,sofiabianchi5128@mail.com,+48-409-458-5468,Japan,JP,JPY,2024-08-18 07:30:12+00:00
184,Mei Kumar,meikumar2566@sample.co,+80-959-554-6398,Canada,CA,CAD,2024-10-29 18:20:55+00:00
185,Liam Khan,liamkhan2364@sample.co,+87-931-909-1990,Peru,PE,PEN,2025-04-30 08:56:15+00:00
186,Emily Smith,emilysmith2432@example.com,+16-611-551-2176,Uruguay,UY,UYU,2023-03-27 10:48:57+00:00
187,Lucía Patel,lucapatel8660@company.net,+3-837-414-4827,Paraguay,PY,PYG,2024-02-21 01:53:12+00:00
188,José Rossi,josrossi4975@sample.co,+4-777-166-7094,Poland,PL,PLN,2023-05-11 01:37:26+00:00
189,Leo Lee,leolee2777@example.com,+32-180-983-5684,Canada,CA,CAD,2024-03-01 18:53:12+00:00
190,Santiago Park,santiagopark3397@sample.co,+55-211-739-1004,Italy,IT,EUR,2024-07-07 10:10:10+00:00
191,Hugo Popov,hugopopov85@demo.org,+83-335-897-3023,India,IN,INR,2025-01-01 12:27:29+00:00
192,María Wang,marawang4722@sample.co,+53-156-628-7345,Japan,JP,JPY,2023-11-17 02:13:22+00:00
193,Martina Garcia,martinagarcia5081@mail.com,+58-768-104-2607,China,CN,CNY,2025-03-16 04:40:50+00:00
194,Carlos Brown,carlosbrown9758@mail.com,+44-927-544-7980,Canada,CA,CAD,2024-09-22 00:32:26+00:00
195,Aarav Rodriguez,aaravrodriguez6705@mail.com,+66-901-141-1920,Chile,CL,CLP,2025-03-16 01:33:30+00:00
196,Emma Flores,emmaflores2670@example.com,+80-850-814-5482,Netherlands,NL,EUR,2023-01-25 23:59:00+00:00
197,Amelia Singh,ameliasingh9099@company.net,+87-754-338-5409,United Arab Emirates,AE,AED,2024-10-11 16:21:44+00:00
198,María Zhang,marazhang2436@company.net,+93-331-332-5163,Canada,CA,CAD,2023-10-05 23:40:52+00:00
199,Ava Zhang,avazhang2413@mail.com,+44-770-938-5994,United States,US,USD,2024-01-20 02:26:21+00:00
200,Emily Ramirez,emilyramirez3764@company.net,+31-245-537-4993,Germany,DE,EUR,2024-06-25 10:46:37+00:00
201,Chen Zhang,chenzhang4220@sample.co,+68-848-338-2556,United Kingdom,GB,GBP,2024-04-11 07:05:05+00:00
202,Liam Davis,liamdavis684@mail.com,+27-698-238-9189,Peru,PE,PEN,2024-08-26 21:58:17+00:00
203,Mateo Garcia,mateogarcia2167@sample.co,+89-627-287-5793,France,FR,EUR,2022-12-13 15:23:29+00:00
204,Diego Petrov,diegopetrov7784@mail.com,+26-854-576-2966,Spain,ES,EUR,2023-10-21 21:04:23+00:00
205,Martina Zhang,martinazhang3883@company.net,+83-115-164-7798,Australia,AU,AUD,2022-12-10 05:00:18+00:00
206,Amelia Rodriguez,ameliarodriguez4038@company.net,+87-265-817-7924,United States,US,USD,2024-04-06 21:56:33+00:00
207,Isabella Zhang,isabellazhang7174@demo.org,+90-733-589-2103,Chile,CL,CLP,2023-11-02 04:02:23+00:00
208,Leo Ivanov,leoivanov8598@mail.com,+45-576-613-6038,Brazil,BR,BRL,2025-01-30 07:57:30+00:00
209,Santiago Perez,santiagoperez64@sample.co,+49-960-487-3116,Mexico,MX,MXN,2022-11-25 23:40:03+00:00
210,Liam Kim,liamkim6742@mail.com,+46-385-749-2974,Japan,JP,JPY,2024-08-11 01:48:37+00:00
211,Lucas Rossi,lucasrossi9546@example.com,+43-208-938-6682,Germany,DE,EUR,2025-04-02 00:20:36+00:00
